act,prompt
3D Render,create an image of A teddy bear riding a bicycle in a park. Socialist Realism Mythological Map Tilted Frame Virtually Indistinguishable From Reality Moody
Acrylic Paint,create an image of A castle floating on a cloud. Gothic Art Harsh Flash Photography Panoramic Photorealistic Charming
Action Photography,create an image of A family of aliens enjoying a barbecue on Mars. Afrofuturism Pencil Sketch From Behind Well Preserved Pitted
Advertising Campaign,create an image of A monkey astronaut landing on Pluto. Suminagashi On Flickr In 2007 From Behind 4K F/1.4
Advertising Poster,create an image of A unicorn racing a dragon in a rainbow sky. Impressionist Experimental Expired Film Photo 1/1000 Sec Shutter Blender 3D Sticky
Album Art Cover,create an image of A dolphin jumping over the Statue of Liberty. Biopunk Daguerreotype From Behind Vivid Dark
Ancient Egypt Papyrus,create an image of A whale flying over the Grand Canyon. Post-Impressionism Comic Book Art Telephoto Well Preserved Awesome
Architectural Photography From Magazine,create an image of A dog wearing a tuxedo at a jazz concert. Low Poly Brush Isometric Sketchup Charming
Autochrome,create an image of A lobster conducting an orchestra on a cruise ship. Romanticism Glass Through A Porthole Sketchup Depressing
Aztec Carving,create an image of A ballerina dancing on the rings of Saturn. Tenebrism Captured On Cctv Long Shot Zbrush Garish
Balloon Float In The Macy’S Thanksgiving Day Parade,create an image of A group of ants building a sandcastle on a beach. Neo Expressionism In Mario Cart Over-The-Shoulder Shot Very Realistic Intense
Ballpoint Pen,create an image of A cheetah racing a sports car in the desert. Academicism Ballpoint Pen Aerial View Sketchup Light
Blueprint,create an image of A group of flamingos playing basketball. Abstract Organic Origami In The Distance Studio Lighting Hairy
Book Cover,create an image of A pirate ship sailing in a bathtub. Dutch Golden Age Oil Paint Drone The Best Muted
Bronze Statue,create an image of A whale flying over the Grand Canyon. New Realism Cross Stitched Sampler Sunset Photo At Golden Hour Vivid Ethereal
Brush,create an image of A ladybug sailing on a leaf in a puddle. Italian Renaissance Advertising Poster Drone Highly Detailed Flat
Byzantine Icon,create an image of A group of ants building a sandcastle on a beach. Cubism Gouache Fisheye Lens High Poly Warm
Camera Obscura,create an image of A bunch of grapes hanging out at a wine tasting event. Minimalist Harsh Flash Photography Plain Background Arnold Render Brilliant
Canvas,create an image of A cheetah racing a sports car in the desert. Kitsch Courtroom Sketch Plain Background Totally Realistic Smears
Captured On Cctv,create an image of A hamster superhero saving a city from a giant cheese monster. Art Nouveau Pirate Map Extreme Wide Shot Arnold Render Smudges
Card Stock,create an image of A fairy building a castle out of flowers in a meadow. Medieval Art Diagram Through A Porthole Photo-Realistic Quiet
Cartoon,create an image of A shark swimming in a swimming pool. Photorealism News Crew Reporting Live Framed Trending On Artstation Smudges
Cave Painting,create an image of A lobster conducting an orchestra on a cruise ship. Glitchcore Action Photography Oversaturated Filter Winner Crystal
Cgi,create an image of A mermaid reading a book in a library under the sea. Game Of Thrones Line Drawing From Below Fantastic Lsd Trip
Chalk,create an image of A snowman sunbathing on a beach. Rococo Ballpoint Pen Lens Flare Premiere Pro Lofi
Charcoal,create an image of A pirate ship sailing in a bathtub. Biopunk Gouache Telephoto Fantastic Distinctive
Charcoal Drawing,create an image of A mouse cooking a gourmet meal in a fancy restaurant. South Park Pastel White Background Detailed Emotive
Cinematography From Music Video,create an image of A hedgehog rolling down a hill in a countryside. Gothic Marble Statue Isometric Sketchup Ghastly
Claymation,create an image of A squirrel typing on a laptop in a coffee shop. Abstract Organic Low Poly Drone Nice Grainy
Collage,create an image of A giraffe peeking into the window of a skyscraper. Modernism Glass Fisheye Lens Premiere Pro Tasteful
Colored Pencil,create an image of The Eiffel Tower wearing a beret and holding a baguette. Northern Renaissance Acrylic Paint 85Mm Professional Faded
Colouring-In Sheet,create an image of A kangaroo hopping through the streets of Sydney with a map. Geometric Abstract Art Claymation Shallow Depth Of Field Trending On Artstation Serene
Comic Book Art,create an image of An octopus playing a piano on the moon. Suprematism Ikea Manual Overhead View Small Violent
Concrete,create an image of A family of aliens enjoying a barbecue on Mars. Op-Art Advertising Campaign Knolling Highly Detailed Futuristic
Conté,create an image of A robot teaching a class of kindergartners. Purism Kindergartener Drawing Full Shot Winner Serene
Courtroom Sketch,create an image of A tropical island shaped like a guitar. Byzantine Art Pencil And Watercolor Drawing Wide Angle Renderman Pale
Crayon,create an image of A monkey astronaut landing on Pluto. Abstract Charcoal Drawing Telephoto The Best Pitted
Crayon Drawing,create an image of An octopus playing a piano on the moon. Luminism Charcoal From Above Matte Spirited
Cross Stitched Sampler,create an image of An owl wearing glasses and reading a book in a library at night. Social Realism Book Cover Landscape Photorealistic Intricately Designed
Daguerreotype,create an image of A chameleon blending into a mural on a city street. Neoplasticism Acrylic Paint Framed Winner F/1.4
Dashcam,create an image of A dolphin jumping over the Statue of Liberty. Proto Renaissance Colouring-In Sheet Fisheye Lens Hyperrealistic Epic
Decorative Minoan Mural,create an image of A pterodactyl flying over a modern city. Minimalist Action Photography Overhead View Beautiful Grainy
Diagram,create an image of A group of flamingos playing basketball. Fractal Interior Design Full Shot Arnold Render Fantasy
Displayed On A Store Mannequin,create an image of A chameleon blending into a mural on a city street. Analytical Cubism In Fortnite From Above Highly Detailed Saturated
Disposable Camera,create an image of A robot teaching a class of kindergartners. Chinese Watercolor Blueprint Head-And-Shoulders Shot Nice Saturated
Double Exposure,create an image of A teddy bear riding a bicycle in a park. Cybernetic Ikea Manual Motion Blur Well Preserved Spontaneous
Editorial Fashion Photography,create an image of A sunflower field in the middle of a city. Geometric Abstract Art Long-Exposure Photograph With Slow Shutter Speed 85Mm Highly Detailed Flat
Experimental Expired Film Photo,create an image of A ballerina dancing on the rings of Saturn. Neo-Classicism Lomography On Canvas Photorealistic Bold
Fabric,create an image of A chameleon blending into a mural on a city street. Airbrush Pastel Isometric High Poly Harmonious
Fifth Grade Yearbook,create an image of A ballerina dancing on the rings of Saturn. Color Field Macro 35Mm Photograph Head-And-Shoulders Shot Vivid Smooth
Finger,create an image of A family of aliens enjoying a barbecue on Mars. Italian Renaissance Pirate Map Through A Porthole Trending On Artstation Uneven
Fountain Pen,create an image of A hedgehog rolling down a hill in a countryside. Orphism Pencil Sketch Wide Angle Wondrous Mellow
Full Body Photo,create an image of A hamster superhero saving a city from a giant cheese monster. Modernism Pen Plain Background Well Preserved Quiet
Gel Pen,create an image of A monkey astronaut landing on Pluto. Futurism Mechanical Pencil (Clutch Screw And Ratchet) Telephoto Impressive Charming
Glass,create an image of A mouse cooking a gourmet meal in a fancy restaurant. Northern Renaissance Double Exposure Head-And-Shoulders Shot Highly Detailed Deep
Glass Paint,create an image of A bunch of grapes hanging out at a wine tasting event. Ancient Egyptian Art Patent Drawing From Behind Trending On Artstation Vivid
Glitter,create an image of A city made entirely of jelly beans. Precisionism Kindergartener Drawing Long Shot Premiere Pro Contrasting
Gouache,create an image of A squirrel typing on a laptop in a coffee shop. Neoplasticism Oil Paint Midshot Natural Changing
Graphite,create an image of A shark swimming in a swimming pool. Ancient Egyptian Art Courtroom Sketch Low Angle Natural Pitted
Harsh Flash Photography,create an image of A castle floating on a cloud. Abstract Expressionism Japanese Wood Block Fisheye Lens Digital Art Contrasting
Houdini 3D Render,create an image of A sunflower field in the middle of a city. Suminagashi Lomography Tilted Frame Trending On /R/Art Broken
Human Body,create an image of A mermaid reading a book in a library under the sea. Tubism Dashcam Through A Periscope High Detail Shiny
Ice Carving,create an image of A cheetah racing a sports car in the desert. Rgb Gamer Aztec Carving Shallow Depth Of Field Highly Detailed Magnificent
Ikea Manual,create an image of The Eiffel Tower wearing a beret and holding a baguette. Neoclassicism Dashcam On Canvas Small Mid (Middle)
Illustration,create an image of A mermaid reading a book in a library under the sea. Bauhaus Gouache Close Face Vivid Reflection
In Fortnite,create an image of A peacock showing off its feathers in a royal palace. Impressionist Pixel Through A Porthole Renderman Contrasting
In Gta San Andreas,create an image of A man walking a pet tiger in Central Park. Precisionism Low Poly Close Up Trending On /R/Art Violent
In Mario Cart,create an image of The Eiffel Tower wearing a beret and holding a baguette. Biopunk Claymation Knolling Unbelievable Uplight
In Minecraft,create an image of A cat detective solving a mystery in a museum. Symbolism Cgi Viewed From Behind Extremely Detailed No Mods
Ink,create an image of A castle floating on a cloud. Pop Art Finger 1/1000 Sec Shutter 4K Violent
Instruction Manual,create an image of A dinosaur wearing a chef's hat and cooking in a kitchen. Conceptual Art Book Cover Shallow Depth Of Field Professional Garish
Interior Design,create an image of A snowman sunbathing on a beach. Skeumorphism Crayon Drawing Midshot 8K Saturated
Japanese Wood Block,create an image of A ghost having a tea party in a haunted house. Airbrush Pencil Isometric Vivid Dust
Kindergartener Drawing,create an image of A mouse cooking a gourmet meal in a fancy restaurant. Academicism Architectural Photography From Magazine Oversaturated Filter From an Ants perspective Graduated
Layered Paper,create an image of A man walking a pet tiger in Central Park. Cybernetic Card Stock Head-And-Shoulders Shot Studio Lighting Spontaneous
Line Art,create an image of A castle floating on a cloud. Socialist Realism Cartoon Motion Blur High Poly Gorgeous
Line Drawing,create an image of An owl wearing glasses and reading a book in a library at night. Babylonian Art Oil Paint Midshot Rendered In Unreal Engine Cosmos
Linocut,create an image of A teddy bear riding a bicycle in a park. Rick And Morty Low Poly Framed Photorealistic Gorgeous
Lomography,create an image of A pirate ship sailing in a bathtub. Expressionism Kindergartener Drawing Hard Lighting Well Preserved Smooth
Long-Exposure Photograph With Slow Shutter Speed,create an image of A giraffe peeking into the window of a skyscraper. Chinese Watercolor Charcoal Long Shot Octane Render Uniform
Low Poly,create an image of A kangaroo hopping through the streets of Sydney with a map. Fauvism Courtroom Sketch Fisheye Lens Vivid Brilliant
Macro 35Mm Photograph,create an image of A group of ants building a sandcastle on a beach. Classicism In Fortnite 85Mm Photo-Realistic Lofi
Made Of Cake,create an image of An elephant painting a self-portrait in a studio. Socialist Realism On Flickr In 2007 Overhead View Pinnacle Studio Hairy
Made Of Yarn,create an image of A cheetah racing a sports car in the desert. Alegria Diagram Head-And-Shoulders Shot Renderman Gaudy
Manuscripts,create an image of A dolphin jumping over the Statue of Liberty. Early Renaissance Houdini 3D Render Tilted Frame Wondrous Concept Art
Marble Statue,create an image of A ballerina dancing on the rings of Saturn. Vintage Looney Toons Diagram White Background Postprocessing Elegant
Marker,create an image of A hedgehog rolling down a hill in a countryside. Renaissance Dashcam Knolling Photo-Realistic Compatible
Mechanical Pencil (Clutch Screw And Ratchet),create an image of A dinosaur wearing a chef's hat and cooking in a kitchen. Hieroglyphics Instruction Manual Dark Background Arnold Render Old
Medieval Portrait,create an image of A chameleon blending into a mural on a city street. Post-Apocalyptic Manuscripts Wide Angle Impressive Incised
Metal,create an image of A mermaid reading a book in a library under the sea. Italian Renaissance Aztec Carving Isometric Realistic Rough
Modeling Photoshoot,create an image of A lobster conducting an orchestra on a cruise ship. Fractal Brush Midshot Unreal Engine No Mods
Mugshot,create an image of A teddy bear riding a bicycle in a park. Rococo Low Poly Motion Blur 8K Subtle
Mythological Map,create an image of A lobster conducting an orchestra on a cruise ship. Mexican Muralism Crayon From Behind Trending On /R/Art Moody
News Crew Reporting Live,create an image of The Eiffel Tower wearing a beret and holding a baguette. Synthetism Oil Painting Over-The-Shoulder Shot Highly Detailed Charming
Oil Paint,create an image of A bunch of grapes hanging out at a wine tasting event. Medieval Art Displayed On A Store Mannequin 85Mm Vfx Blur
Oil Painting,create an image of A snowman sunbathing on a beach. Pixar Movies Paper Knolling Professional Eyes Wide In Wonder
On America'S Got Talent,create an image of A hedgehog rolling down a hill in a countryside. Mannerism Made Of Yarn Overhead View 8K Mellow
On Flickr In 2007,create an image of A ballerina dancing on the rings of Saturn. Realism Pencil And Watercolor Drawing 1/1000 Sec Shutter Trending On /R/Art Emo
On Judge Judy,create an image of A shark swimming in a swimming pool. Rgb Gamer 3D Render From Below Natural Tender
On Sesame Street,create an image of A city made entirely of jelly beans. Pre-Raphaelites Made Of Yarn Dark Background Professional Opaque
One-Line Drawing,create an image of A mermaid reading a book in a library under the sea. Social Realism Captured On Cctv 1/1000 Sec Shutter Professional Smudges
Origami,create an image of A peacock showing off its feathers in a royal palace. Synthetic Cubism Card Stock From Below Vfx Distinctive
Painting,create an image of A robot teaching a class of kindergartners. Vintage Disney Finger Extreme Wide Shot Realistic Natural
Paper,create an image of A group of turtles having a pizza party in a sewer. Biopunk One-Line Drawing Drone Realistic Matte
Pastel,create an image of A sunflower field in the middle of a city. Suprematism Crayon Drawing Panoramic Postprocessing Silk
Pastel Drawing,create an image of A squirrel typing on a laptop in a coffee shop. Gothic Ink Full Shot Sketchup Vivid
Patent Drawing,create an image of A monkey astronaut landing on Pluto. Game Of Thrones Captured On Cctv Landscape Photo-Realistic Cut
Pen,create an image of A unicorn racing a dragon in a rainbow sky. Bauhaus Pencil Sketch Telephoto From an Ants perspective Bright
Pencil,create an image of A monkey astronaut landing on Pluto. Surrealism Architectural Photography From Magazine Plain Background Detailed Frosted
Pencil And Watercolor Drawing,create an image of A dinosaur wearing a chef's hat and cooking in a kitchen. Romanticism Full Body Photo Plain Background Detailed Saturated
Pencil Sketch,create an image of A unicorn racing a dragon in a rainbow sky. Fractal Canvas Wide Angle Trending On Artstation Ghastly
Photograph,create an image of A pirate ship sailing in a bathtub. Game Of Thrones Line Art Shallow Depth Of Field Winner Lsd Trip
Photoshopped Image,create an image of A family of aliens enjoying a barbecue on Mars. Op-Art Action Photography On Canvas Unbelievable Constant
Pinhole Photography,create an image of A man walking a pet tiger in Central Park. Futurism Fabric Lens Flare Impressive Blade Runner
Pirate Map,create an image of A mouse cooking a gourmet meal in a fancy restaurant. Dieselpunk Charcoal From Above Photo-Realistic Uniform
Pixel,create an image of A cat detective solving a mystery in a museum. Neoclassicism Diagram On Canvas Hyper Realistic Sticky
Pixel Art,create an image of A group of turtles having a pizza party in a sewer. Purism Line Drawing Tilted Frame Impressive Mysterious
Plaster,create an image of A tropical island shaped like a guitar. Ukiyo-E Mechanical Pencil (Clutch Screw And Ratchet) Extreme Wide Shot Lots Of Detail Subdued
Polaroid,create an image of A frog prince sitting on a lily pad in a swamp. Mexican Muralism Oil Paint Lens Flare Unreal Engine Wormhole
Political Cartoon From U.S. Newspaper,create an image of A group of penguins having a picnic on an iceberg. Cubo-Futurism Ink Head-And-Shoulders Shot Sketchup Tender
Portrait,create an image of A city made entirely of jelly beans. Vintage Looney Toons Pirate Map White Background Pinnacle Studio Cool
Press Release,create an image of A bunch of grapes hanging out at a wine tasting event. Socialist Realism Cinematography From Music Video Framed Small Cute
Product Photography,create an image of A kangaroo hopping through the streets of Sydney with a map. Mexican Muralism Pen Extreme Wide Shot Unbelievable Garish
Professional Corporate Portrait,create an image of A gnome reading a newspaper in a garden. Post-Apocalyptic Illustration Aerial View Lots Of Detail Eclectic
Real Estate Photography,create an image of A group of flamingos playing basketball. Proto Renaissance Ballpoint Pen Plain Background Realistic Unnerving
Roman Mosaic,create an image of A lobster conducting an orchestra on a cruise ship. Abstract Expressionism Ballpoint Pen Landscape Wondrous Reflection
Scratchboard,create an image of A group of ants building a sandcastle on a beach. Impressionist Advertising Campaign Extreme Close-Up Shot Blender 3D Brilliant
Screenshot From,create an image of A mermaid reading a book in a library under the sea. Neoplasticism Line Art Drone Detailed Weak
Security Footage,create an image of A whale flying over the Grand Canyon. Futurism Concrete From Below Stunning Subdued
Selfie,create an image of A snail traveling on a high-speed train. Dutch Golden Age Cave Painting On Canvas Very Realistic Smudges
Shot On Iphone 6,create an image of A group of flamingos playing basketball. Verism Charcoal Drawing Close Face Natural Stormy
Sigma 75Mm,create an image of A kangaroo hopping through the streets of Sydney with a map. Geometric Abstract Art Balloon Float In The Macy’S Thanksgiving Day Parade 1/1000 Sec Shutter Photorealistic Stimulating
Sketch,create an image of A ghost having a tea party in a haunted house. Northern Renaissance Diagram In The Distance Nice Fantasy
Sketchbook,create an image of A snowman sunbathing on a beach. Baroque Captured On Cctv Bokeh Highly Detailed Natural
Spray-Painted Onto A Wall,create an image of A pirate ship sailing in a bathtub. Fractal Advertising Poster Low Angle Small Quiet
Stained Glass Window,create an image of A kangaroo hopping through the streets of Sydney with a map. Art Nouveau Human Body Aerial View Rendering Earthy
Sticker Illustration,create an image of A robot teaching a class of kindergartners. South Park Diagram Long Shot Wondrous Discordant
Stone,create an image of A koala playing a didgeridoo in the Australian Outback. Post-Impressionism Diagram Midshot Hyper Realistic Matte
Stop-Motion Animation,create an image of A mouse cooking a gourmet meal in a fancy restaurant. The Simpsons In Gta San Andreas Through A Periscope Postprocessing Garish
Storybook,create an image of An elephant painting a self-portrait in a studio. Expressionism Ice Carving Extreme Wide Shot Trending On Artstation Smears
Street Art,create an image of A snail traveling on a high-speed train. Pixar Movies On Flickr In 2007 Panoramic Vivid Lively
Studio Photography,create an image of A lobster conducting an orchestra on a cruise ship. Airbrush Macro 35Mm Photograph Oversaturated Filter High Detail Sympathetic
Stunning Photograph From Lansdcaping Magazine,create an image of A koala playing a didgeridoo in the Australian Outback. Synthetism Paper Panoramic Unreal Engine Colorful
Stylus,create an image of A man walking a pet tiger in Central Park. Peppa Pig Gel Pen White Background 70Mm Cosmos
Tattoo,create an image of A ladybug sailing on a leaf in a puddle. Pre-Raphaelites Fifth Grade Yearbook Panoramic Very Beautiful Melancholy
Technical Pen,create an image of A fairy building a castle out of flowers in a meadow. Banksy Medieval Portrait Motion Blur Rendered In Unreal Engine Reflective
Tempera,create an image of An owl wearing glasses and reading a book in a library at night. Regionalism Pastel Head-And-Shoulders Shot High Poly Constant
Terracotta Warriors,create an image of A group of penguins having a picnic on an iceberg. Expressionism Long-Exposure Photograph With Slow Shutter Speed Tilted Frame Matte Uplight
Theatrical Press Release,create an image of A panda bear practicing kung fu in a bamboo forest. Conceptual Art Displayed On A Store Mannequin Panoramic Totally Realistic Ominous
Topiary,create an image of An octopus playing a piano on the moon. Dieselpunk Pastel Dark Background Octane Render Blade Runner
Trail Cam,create an image of A hedgehog rolling down a hill in a countryside. Northern Renaissance Blueprint On Canvas Unbelievable Vivid
Travel Photography,create an image of A cat detective solving a mystery in a museum. Color Field Manuscripts Long Shot Detailed Furry
Under Electron Microscope,create an image of A shark swimming in a swimming pool. Synthetic Cubism Cartoon Midshot Highly Detailed Natural
Us Patent,create an image of A frog prince sitting on a lily pad in a swamp. Rick And Morty Advertising Poster Close Up Octane Render Hard
Vector Art,create an image of A robot teaching a class of kindergartners. Rgb Gamer Pastel Drawing Fisheye Lens Virtually Indistinguishable From Reality Light
Vellum,create an image of A man walking a pet tiger in Central Park. Dieselpunk Diagram Telephoto Professional Cut
Vogue Magazine Cover,create an image of A monkey astronaut landing on Pluto. Academicism In Minecraft Head-And-Shoulders Shot Nice Jaunty
Voynich Manuscript,create an image of A family of aliens enjoying a barbecue on Mars. Memphis Design Experimental Expired Film Photo Drone Nice Extemporaneous
Watercolor,create an image of A teddy bear riding a bicycle in a park. Symbolism Finger Through A Periscope Small Reflection
Watercolor Painting,create an image of A group of turtles having a pizza party in a sewer. Avatar The Last Airbender Mechanical Pencil (Clutch Screw And Ratchet) Panoramic Postprocessing Constant
Wikihow,create an image of A ladybug sailing on a leaf in a puddle. Anime Glitter Oversaturated Filter Highly Detailed Magical
Wood,create an image of A hamster superhero saving a city from a giant cheese monster. Byzantine Art In Mario Cart From Below Contest Winner Lively